--Begin insert query for Policy_Type--

insert into policy_type(id, category, created_by, created_date, name, sub_type, type_code, updated_by, updated_date) values(1, 'Single', 'Aditya', TO_DATE('02/07/2019 10:10', 'DD/MM/YYYY HH24:MI'), 'Two-Wheeler', 'Comprehensive', '2SC', 'Aditya', TO_DATE('02/08/2019 10:10', 'DD/MM/YYYY HH24:MI'));

insert into policy_type(id, category, created_by, created_date, name, sub_type, type_code, updated_by, updated_date) values(2, 'Single', 'Aditya', TO_DATE('02/07/2019 10:10', 'DD/MM/YYYY HH24:MI'), 'Two-Wheeler', 'Third Party', '2STP', 'Aditya', TO_DATE('02/08/2019 10:10', 'DD/MM/YYYY HH24:MI'));

insert into policy_type(id, category, created_by, created_date, name, sub_type, type_code, updated_by, updated_date) values(3, 'Single', 'Aditya', TO_DATE('02/07/2019 10:10', 'DD/MM/YYYY HH24:MI'), 'Two-Wheeler', 'Fire', '2SF', 'Aditya', TO_DATE('02/08/2019 10:10', 'DD/MM/YYYY HH24:MI'));

insert into policy_type(id, category, created_by, created_date, name, sub_type, type_code, updated_by, updated_date) values(4, 'Single', 'Aditya', TO_DATE('02/07/2019 10:10', 'DD/MM/YYYY HH24:MI'), 'Two-Wheeler', 'Theft', '2ST', 'Aditya', TO_DATE('02/08/2019 10:10', 'DD/MM/YYYY HH24:MI'));

insert into policy_type(id, category, created_by, created_date, name, sub_type, type_code, updated_by, updated_date) values(5, 'Single', 'Aditya', TO_DATE('02/07/2019 10:10', 'DD/MM/YYYY HH24:MI'), 'Three-Wheeler', 'Comprehensive', '3SC', 'Aditya', TO_DATE('02/08/2019 10:10', 'DD/MM/YYYY HH24:MI'));

insert into policy_type(id, category, created_by, created_date, name, sub_type, type_code, updated_by, updated_date) values(6, 'Single', 'Aditya', TO_DATE('02/07/2019 10:10', 'DD/MM/YYYY HH24:MI'), 'Three-Wheeler', 'Third Party', '3STP', 'Aditya', TO_DATE('02/08/2019 10:10', 'DD/MM/YYYY HH24:MI'));

insert into policy_type(id, category, created_by, created_date, name, sub_type, type_code, updated_by, updated_date) values(7, 'Single', 'Aditya', TO_DATE('02/07/2019 10:10', 'DD/MM/YYYY HH24:MI'), 'Three-Wheeler', 'Fire', '3SF', 'Aditya', TO_DATE('02/08/2019 10:10', 'DD/MM/YYYY HH24:MI'));

insert into policy_type(id, category, created_by, created_date, name, sub_type, type_code, updated_by, updated_date) values(8, 'Single', 'Aditya', TO_DATE('02/07/2019 10:10', 'DD/MM/YYYY HH24:MI'), 'Three-Wheeler', 'Theft', '3ST', 'Aditya', TO_DATE('02/08/2019 10:10', 'DD/MM/YYYY HH24:MI'));

insert into policy_type(id, category, created_by, created_date, name, sub_type, type_code, updated_by, updated_date) values(9, 'Single', 'Aditya', TO_DATE('02/07/2019 10:10', 'DD/MM/YYYY HH24:MI'), 'Four-Wheeler', 'Comprehensive', '4SC', 'Aditya', TO_DATE('02/08/2019 10:10', 'DD/MM/YYYY HH24:MI'));

insert into policy_type(id, category, created_by, created_date, name, sub_type, type_code, updated_by, updated_date) values(10, 'Single', 'Aditya', TO_DATE('02/07/2019 10:10', 'DD/MM/YYYY HH24:MI'), 'Four-Wheeler', 'Third Party', '4STP', 'Aditya', TO_DATE('02/08/2019 10:10', 'DD/MM/YYYY HH24:MI'));

insert into policy_type(id, category, created_by, created_date, name, sub_type, type_code, updated_by, updated_date) values(11, 'Single', 'Aditya', TO_DATE('02/07/2019 10:10', 'DD/MM/YYYY HH24:MI'), 'Four-Wheeler', 'Fire', '4SF', 'Aditya', TO_DATE('02/08/2019 10:10', 'DD/MM/YYYY HH24:MI'));

insert into policy_type(id, category, created_by, created_date, name, sub_type, type_code, updated_by, updated_date) values(12, 'Single', 'Aditya', TO_DATE('02/07/2019 10:10', 'DD/MM/YYYY HH24:MI'), 'Four-Wheeler', 'Theft', '4ST', 'Aditya', TO_DATE('02/08/2019 10:10', 'DD/MM/YYYY HH24:MI'));


insert into policy_type(id, category, created_by, created_date, name, sub_type, type_code, updated_by, updated_date) values(13, 'Group', 'Aditya', TO_DATE('02/07/2019 10:10', 'DD/MM/YYYY HH24:MI'), 'Two-Wheeler', 'Comprehensive', '2GC', 'Aditya', TO_DATE('02/08/2019 10:10', 'DD/MM/YYYY HH24:MI'));

insert into policy_type(id, category, created_by, created_date, name, sub_type, type_code, updated_by, updated_date) values(14, 'Group', 'Aditya', TO_DATE('02/07/2019 10:10', 'DD/MM/YYYY HH24:MI'), 'Two-Wheeler', 'Third Party', '2GTP', 'Aditya', TO_DATE('02/08/2019 10:10', 'DD/MM/YYYY HH24:MI'));

insert into policy_type(id, category, created_by, created_date, name, sub_type, type_code, updated_by, updated_date) values(15, 'Group', 'Aditya', TO_DATE('02/07/2019 10:10', 'DD/MM/YYYY HH24:MI'), 'Two-Wheeler', 'Fire', '2GF', 'Aditya', TO_DATE('02/08/2019 10:10', 'DD/MM/YYYY HH24:MI'));

insert into policy_type(id, category, created_by, created_date, name, sub_type, type_code, updated_by, updated_date) values(16, 'Group', 'Aditya', TO_DATE('02/07/2019 10:10', 'DD/MM/YYYY HH24:MI'), 'Two-Wheeler', 'Theft', '2GT', 'Aditya', TO_DATE('02/08/2019 10:10', 'DD/MM/YYYY HH24:MI'));

insert into policy_type(id, category, created_by, created_date, name, sub_type, type_code, updated_by, updated_date) values(17, 'Group', 'Aditya', TO_DATE('02/07/2019 10:10', 'DD/MM/YYYY HH24:MI'), 'Three-Wheeler', 'Comprehensive', '3GC', 'Aditya', TO_DATE('02/08/2019 10:10', 'DD/MM/YYYY HH24:MI'));

insert into policy_type(id, category, created_by, created_date, name, sub_type, type_code, updated_by, updated_date) values(18, 'Group', 'Aditya', TO_DATE('02/07/2019 10:10', 'DD/MM/YYYY HH24:MI'), 'Three-Wheeler', 'Third Party', '3GTP', 'Aditya', TO_DATE('02/08/2019 10:10', 'DD/MM/YYYY HH24:MI'));

insert into policy_type(id, category, created_by, created_date, name, sub_type, type_code, updated_by, updated_date) values(19, 'Group', 'Aditya', TO_DATE('02/07/2019 10:10', 'DD/MM/YYYY HH24:MI'), 'Three-Wheeler', 'Fire', '3GF', 'Aditya', TO_DATE('02/08/2019 10:10', 'DD/MM/YYYY HH24:MI'));

insert into policy_type(id, category, created_by, created_date, name, sub_type, type_code, updated_by, updated_date) values(20, 'Group', 'Aditya', TO_DATE('02/07/2019 10:10', 'DD/MM/YYYY HH24:MI'), 'Three-Wheeler', 'Theft', '3GT', 'Aditya', TO_DATE('02/08/2019 10:10', 'DD/MM/YYYY HH24:MI'));

insert into policy_type(id, category, created_by, created_date, name, sub_type, type_code, updated_by, updated_date) values(21, 'Group', 'Aditya', TO_DATE('02/07/2019 10:10', 'DD/MM/YYYY HH24:MI'), 'Four-Wheeler', 'Comprehensive', '4GC', 'Aditya', TO_DATE('02/08/2019 10:10', 'DD/MM/YYYY HH24:MI'));

insert into policy_type(id, category, created_by, created_date, name, sub_type, type_code, updated_by, updated_date) values(22, 'Group', 'Aditya', TO_DATE('02/07/2019 10:10', 'DD/MM/YYYY HH24:MI'), 'Four-Wheeler', 'Third Party', '4GTP', 'Aditya', TO_DATE('02/08/2019 10:10', 'DD/MM/YYYY HH24:MI'));

insert into policy_type(id, category, created_by, created_date, name, sub_type, type_code, updated_by, updated_date) values(23, 'Group', 'Aditya', TO_DATE('02/07/2019 10:10', 'DD/MM/YYYY HH24:MI'), 'Four-Wheeler', 'Fire', '4GF', 'Aditya', TO_DATE('02/08/2019 10:10', 'DD/MM/YYYY HH24:MI'));

insert into policy_type(id, category, created_by, created_date, name, sub_type, type_code, updated_by, updated_date) values(24, 'Group', 'Aditya', TO_DATE('02/07/2019 10:10', 'DD/MM/YYYY HH24:MI'), 'Four-Wheeler', 'Theft', '4GT', 'Aditya', TO_DATE('02/08/2019 10:10', 'DD/MM/YYYY HH24:MI'));

--End insert query for Policy_Type--

--Begin insert query for customers--

insert into customers(id, address, city, country, created_by, created_date, date_of_birth, gender, name, updated_by, updated_date) values(1111, '310 Evergreen Circle FL 33193', 'Miami', 'USA', 'Aditya', TO_DATE('02/08/2019 12:00', 'DD/MM/YYYY HH24:MI'), '15/04/1989', 'male', 'Micheal', 'Aditya', TO_DATE('03/08/2019 12:00', 'DD/MM/YYYY HH24:MI'));

insert into customers(id, address, city, country, created_by, created_date, date_of_birth, gender, name, updated_by, updated_date) values(1112, '7098 Bay Lane San Francisco', 'California', 'USA', 'Aditya', TO_DATE('02/08/2019 12:00', 'DD/MM/YYYY HH24:MI'), '16/05/1989', 'male', 'Claudio', 'Aditya', TO_DATE('03/08/2019 12:00', 'DD/MM/YYYY HH24:MI'));

insert into customers(id, address, city, country, created_by, created_date, date_of_birth, gender, name, updated_by, updated_date) values(1113, '83 King Street', 'London', 'USA', 'Aditya', TO_DATE('02/08/2019 12:00', 'DD/MM/YYYY HH24:MI'), '16/06/1990', 'male', 'Thiago', 'Aditya', TO_DATE('03/08/2019 12:00', 'DD/MM/YYYY HH24:MI'));

insert into customers(id, address, city, country, created_by, created_date, date_of_birth, gender, name, updated_by, updated_date) values(1114, '91 Lincoln Lane Staten Island', 'New York', 'USA', 'Aditya', TO_DATE('02/08/2019 12:00', 'DD/MM/YYYY HH24:MI'), '18/08/1989', 'male', 'Andre', 'Aditya', TO_DATE('03/08/2019 12:00', 'DD/MM/YYYY HH24:MI'));

insert into customers(id, address, city, country, created_by, created_date, date_of_birth, gender, name, updated_by, updated_date) values(1115, '685 West Hillside St. Houston', 'Texas', 'USA', 'Aditya', TO_DATE('02/08/2019 12:00', 'DD/MM/YYYY HH24:MI'), '12/03/1987', 'male', 'Roberto', 'Aditya', TO_DATE('03/08/2019 12:00', 'DD/MM/YYYY HH24:MI'));

--End insert query for customers--

--Begin insert query for policies--

insert into policies(id, created_by, created_date, end_date, start_date, type_code, updated_by, updated_date, customers_id) values(100, 'Aditya', TO_DATE('02/08/2019 12:00', 'DD/MM/YYYY HH24:MI'), TO_DATE('01/01/2030 12:00', 'DD/MM/YYYY HH24:MI'), TO_DATE('02/08/2019 12:00', 'DD/MM/YYYY HH24:MI'), '2SC', 'Aditya', TO_DATE('02/08/2019 12:00', 'DD/MM/YYYY HH24:MI'), 1111);

insert into policies(id, created_by, created_date, end_date, start_date, type_code, updated_by, updated_date, customers_id) values(101, 'Aditya', TO_DATE('02/08/2019 12:00', 'DD/MM/YYYY HH24:MI'), TO_DATE('01/01/2030 12:00', 'DD/MM/YYYY HH24:MI'), TO_DATE('02/08/2019 12:00', 'DD/MM/YYYY HH24:MI'), '2GC', 'Aditya', TO_DATE('02/08/2019 12:00', 'DD/MM/YYYY HH24:MI'), 1112);

insert into policies(id, created_by, created_date, end_date, start_date, type_code, updated_by, updated_date, customers_id) values(102, 'Aditya', TO_DATE('02/08/2019 12:00', 'DD/MM/YYYY HH24:MI'), TO_DATE('01/01/2030 12:00', 'DD/MM/YYYY HH24:MI'), TO_DATE('02/08/2019 12:00', 'DD/MM/YYYY HH24:MI'), '3STP', 'Aditya', TO_DATE('02/08/2019 12:00', 'DD/MM/YYYY HH24:MI'), 1113);

insert into policies(id, created_by, created_date, end_date, start_date, type_code, updated_by, updated_date, customers_id) values(103, 'Aditya', TO_DATE('02/08/2019 12:00', 'DD/MM/YYYY HH24:MI'), TO_DATE('01/01/2030 12:00', 'DD/MM/YYYY HH24:MI'), TO_DATE('02/08/2019 12:00', 'DD/MM/YYYY HH24:MI'), '4GT', 'Aditya', TO_DATE('02/08/2019 12:00', 'DD/MM/YYYY HH24:MI'), 1114);

insert into policies(id, created_by, created_date, end_date, start_date, type_code, updated_by, updated_date, customers_id) values(104, 'Aditya', TO_DATE('02/08/2019 12:00', 'DD/MM/YYYY HH24:MI'), TO_DATE('01/01/2030 12:00', 'DD/MM/YYYY HH24:MI'), TO_DATE('02/08/2019 12:00', 'DD/MM/YYYY HH24:MI'), '3GC', 'Aditya', TO_DATE('02/08/2019 12:00', 'DD/MM/YYYY HH24:MI'), 1115);

--End insert query for policies--

--Begin insert query for vehicle_policy_details--

insert into vehicle_policy_details(id, created_by, created_date, manufacturer, manufacuring, model, registration_no, updated_by, updated_date, policies_id) values(2000, 'Aditya', TO_DATE('02/08/2019 07:30', 'DD/MM/YYYY HH24:MI'), 'Yamaha', 'January2018', 'YZF-R1M', 'CA12NN6528', 'Aditya', TO_DATE('02/08/2019 07:30', 'DD/MM/YYYY HH24:MI'), 101);

insert into vehicle_policy_details(id, created_by, created_date, manufacturer, manufacuring, model, registration_no, updated_by, updated_date, policies_id) values(2001, 'Aditya', TO_DATE('02/08/2019 07:30', 'DD/MM/YYYY HH24:MI'), 'Yamaha', 'January2018', 'YZF-R1M', 'CA12NN6529', 'Aditya', TO_DATE('02/08/2019 07:30', 'DD/MM/YYYY HH24:MI'), 101);

insert into vehicle_policy_details(id, created_by, created_date, manufacturer, manufacuring, model, registration_no, updated_by, updated_date, policies_id) values(2002, 'Aditya', TO_DATE('02/08/2019 07:30', 'DD/MM/YYYY HH24:MI'), 'Yamaha', 'January2018', 'YZF-R1M', 'CA12NN6530', 'Aditya', TO_DATE('02/08/2019 07:30', 'DD/MM/YYYY HH24:MI'), 101);

insert into vehicle_policy_details(id, created_by, created_date, manufacturer, manufacuring, model, registration_no, updated_by, updated_date, policies_id) values(2003, 'Aditya', TO_DATE('02/08/2019 07:30', 'DD/MM/YYYY HH24:MI'), 'Honda', 'January2019', 'CBR1000RR SP', 'LN12NN6529', 'Aditya', TO_DATE('02/08/2019 07:30', 'DD/MM/YYYY HH24:MI'), 102);

insert into vehicle_policy_details(id, created_by, created_date, manufacturer, manufacuring, model, registration_no, updated_by, updated_date, policies_id) values(2004, 'Aditya', TO_DATE('02/08/2019 07:30', 'DD/MM/YYYY HH24:MI'), 'Honda', 'January2019', 'CBR600RR', 'FL12NN6530', 'Aditya', TO_DATE('02/08/2019 07:30', 'DD/MM/YYYY HH24:MI'),100);

insert into vehicle_policy_details(id, created_by, created_date, manufacturer, manufacuring, model, registration_no, updated_by, updated_date, policies_id) values(2005, 'Aditya', TO_DATE('02/08/2019 07:30', 'DD/MM/YYYY HH24:MI'), 'Honda', 'January2019', 'CBR600RR ABS', 'NY12NN6531', 'Aditya', TO_DATE('02/08/2019 07:30', 'DD/MM/YYYY HH24:MI'), 103);

insert into vehicle_policy_details(id, created_by, created_date, manufacturer, manufacuring, model, registration_no, updated_by, updated_date, policies_id) values(2006, 'Aditya', TO_DATE('02/08/2019 07:30', 'DD/MM/YYYY HH24:MI'), 'Yamaha', 'January2019', 'YZF-R6', 'TX12NN6532', 'Aditya', TO_DATE('02/08/2019 07:30', 'DD/MM/YYYY HH24:MI'), 104);

insert into vehicle_policy_details(id, created_by, created_date, manufacturer, manufacuring, model, registration_no, updated_by, updated_date, policies_id) values(2007, 'Aditya', TO_DATE('02/08/2019 07:30', 'DD/MM/YYYY HH24:MI'), 'Yamaha', 'January2019', 'YZF-R6', 'TX12NN6533', 'Aditya', TO_DATE('02/08/2019 07:30', 'DD/MM/YYYY HH24:MI'), 104);

--End insert query for vehicle_policy_details--

--Begin insert query for Resolutions--

insert into resolutions(id, category, created_by, created_date, resolution, severity, updated_by, updated_date) values(1, 'major', 'Aditya', TO_DATE('02/08/2019 07:30', 'DD/MM/YYYY HH24:MI'), 'Test Resolution', 'injuries', 'Aditya', TO_DATE('02/08/2019 07:30', 'DD/MM/YYYY HH24:MI'));

insert into resolutions(id, category, created_by, created_date, resolution, severity, updated_by, updated_date) values(2, 'minor', 'Aditya', TO_DATE('02/08/2019 07:30', 'DD/MM/YYYY HH24:MI'), 'Test Resolution', 'injuries', 'Aditya', TO_DATE('02/08/2019 07:30', 'DD/MM/YYYY HH24:MI'));

insert into resolutions(id, category, created_by, created_date, resolution, severity, updated_by, updated_date) values(3, 'stolen', 'Aditya', TO_DATE('02/08/2019 07:30', 'DD/MM/YYYY HH24:MI'), 'Test Resolution', 'critical', 'Aditya', TO_DATE('02/08/2019 07:30', 'DD/MM/YYYY HH24:MI'));

insert into resolutions(id, category, created_by, created_date, resolution, severity, updated_by, updated_date) values(4, 'major', 'Aditya', TO_DATE('02/08/2019 07:30', 'DD/MM/YYYY HH24:MI'), 'Test Resolution', 'loss of life', 'Aditya', TO_DATE('02/08/2019 07:30', 'DD/MM/YYYY HH24:MI'));

insert into resolutions(id, category, created_by, created_date, resolution, severity, updated_by, updated_date) values(5, 'major', 'Aditya', TO_DATE('02/08/2019 07:30', 'DD/MM/YYYY HH24:MI'), 'Test Resolution', 'loss of life', 'Aditya', TO_DATE('02/08/2019 07:30', 'DD/MM/YYYY HH24:MI'));

--End insert query for Resolutions--

--Begin insert query for claims--

insert into claims(id, closure_amount, closure_date, request_date, requested_amount, created_by, created_date, remarks, status, updated_by, updated_date, policies_id, resolutions_id) values(111, 50000, TO_DATE('10/08/2019 12:00', 'DD/MM/YYYY HH24:MI'), TO_DATE('02/08/2019 12:00', 'DD/MM/YYYY HH24:MI'), 80000, 'Aditya', TO_DATE('02/08/2019 12:00', 'DD/MM/YYYY HH24:MI'), 'Test remarks', 'OPEN', 'Aditya', TO_DATE('20/07/2019 07:30', 'DD/MM/YYYY HH24:MI'), 100, 1);

insert into claims(id, closure_amount, closure_date, request_date, requested_amount, created_by, created_date, remarks, status, updated_by, updated_date, policies_id, resolutions_id) values(112, 80000, TO_DATE('10/08/2019 12:00', 'DD/MM/YYYY HH24:MI'), TO_DATE('02/08/2019 12:00', 'DD/MM/YYYY HH24:MI'), 100000, 'Aditya', TO_DATE('02/08/2019 12:00', 'DD/MM/YYYY HH24:MI'), 'Test remarks', 'OPEN', 'Aditya', TO_DATE('20/07/2019 07:30', 'DD/MM/YYYY HH24:MI'), 101, 2);

insert into claims(id, closure_amount, closure_date, request_date, requested_amount, created_by, created_date, remarks, status, updated_by, updated_date, policies_id, resolutions_id) values(113, 50000, TO_DATE('10/08/2019 12:00', 'DD/MM/YYYY HH24:MI'), TO_DATE('02/08/2019 12:00', 'DD/MM/YYYY HH24:MI'), 80000, 'Aditya', TO_DATE('02/08/2019 12:00', 'DD/MM/YYYY HH24:MI'), 'Test remarks', 'OPEN', 'Aditya', TO_DATE('20/07/2019 07:30', 'DD/MM/YYYY HH24:MI'), 102, 3);

insert into claims(id, closure_amount, closure_date, request_date, requested_amount, created_by, created_date, remarks, status, updated_by, updated_date, policies_id, resolutions_id) values(114, 50000, TO_DATE('10/08/2019 12:00', 'DD/MM/YYYY HH24:MI'), TO_DATE('02/08/2019 12:00', 'DD/MM/YYYY HH24:MI'), 80000, 'Aditya', TO_DATE('02/08/2019 12:00', 'DD/MM/YYYY HH24:MI'), 'Test remarks', 'OPEN', 'Aditya', TO_DATE('20/07/2019 07:30', 'DD/MM/YYYY HH24:MI'), 103, 4);

insert into claims(id, closure_amount, closure_date, request_date, requested_amount, created_by, created_date, remarks, status, updated_by, updated_date, policies_id, resolutions_id) values(115, 100000, TO_DATE('10/08/2019 12:00', 'DD/MM/YYYY HH24:MI'), TO_DATE('02/08/2019 12:00', 'DD/MM/YYYY HH24:MI'), 150000, 'Aditya', TO_DATE('02/08/2019 12:00', 'DD/MM/YYYY HH24:MI'), 'Test remarks', 'OPEN', 'Aditya', TO_DATE('20/07/2019 07:30', 'DD/MM/YYYY HH24:MI'), 104, 5);

--End insert query for claims--

--Begin insert query for customers_policies--

insert into customers_policies(customers_id, policies_id) values(1111, 100);
insert into customers_policies(customers_id, policies_id) values(1112, 101);
insert into customers_policies(customers_id, policies_id) values(1113, 102);
insert into customers_policies(customers_id, policies_id) values(1114, 103);
insert into customers_policies(customers_id, policies_id) values(1115, 104);

--End insert query for customers_policies--

--Begin insert query for policies_claims--

insert into policies_claims(policies_id, claims_id) values(100, 111);
insert into policies_claims(policies_id, claims_id) values(101, 112);
insert into policies_claims(policies_id, claims_id) values(102, 113);
insert into policies_claims(policies_id, claims_id) values(103, 114);
insert into policies_claims(policies_id, claims_id) values(104, 115);

--End insert query for policies_claims--

--Begin insert query for policies_vehicle_policy_details--

insert into policies_vehicle_policy_details(policies_id, vehicle_policy_details_id) values(100, 2004);
insert into policies_vehicle_policy_details(policies_id, vehicle_policy_details_id) values(101, 2000);
insert into policies_vehicle_policy_details(policies_id, vehicle_policy_details_id) values(101, 2001);
insert into policies_vehicle_policy_details(policies_id, vehicle_policy_details_id) values(101, 2002);
insert into policies_vehicle_policy_details(policies_id, vehicle_policy_details_id) values(102, 2003);
insert into policies_vehicle_policy_details(policies_id, vehicle_policy_details_id) values(103, 2005);
insert into policies_vehicle_policy_details(policies_id, vehicle_policy_details_id) values(104, 2006);
insert into policies_vehicle_policy_details(policies_id, vehicle_policy_details_id) values(104, 2007);

--End insert query for policies_vehicle_policy_details--

--Begin insert query for policies_policy_type--

insert into policies_policy_type(policies_id, policy_type_id) values(100, 1);
insert into policies_policy_type(policies_id, policy_type_id) values(101, 13);
insert into policies_policy_type(policies_id, policy_type_id) values(102, 6);
insert into policies_policy_type(policies_id, policy_type_id) values(103, 24);
insert into policies_policy_type(policies_id, policy_type_id) values(104, 17);

--End insert query for policies_policy_type--

--Begin insert query for policy_type_policies--

insert into policy_type_policies(policy_type_id, policies_id) values(1, 100);
insert into policy_type_policies(policy_type_id, policies_id) values(13, 101);
insert into policy_type_policies(policy_type_id, policies_id) values(6, 102);
insert into policy_type_policies(policy_type_id, policies_id) values(24, 103);
insert into policy_type_policies(policy_type_id, policies_id) values(17, 104);

--End insert query for policy_type_policies--

--Begin insert query for resolutions_claims--

insert into resolutions_claims(resolutions_id, claims_id) values(1, 111);
insert into resolutions_claims(resolutions_id, claims_id) values(2, 112);
insert into resolutions_claims(resolutions_id, claims_id) values(3, 113);
insert into resolutions_claims(resolutions_id, claims_id) values(4, 114);
insert into resolutions_claims(resolutions_id, claims_id) values(5, 115);

--End insert query for resolutions_claims--